node,lat,lon,supply
1,39.1786,-76.6663,20000
2,30.0793,-94.0897,30000
3,31.8475,-106.3821,35000
4,33.5612,-86.7512,32000
5,34.5853,-77.3583,37000
6,33.3079,-117.3115,-35000
7,36.6691,-87.4874,-45000
8,32.891999999999996,-80.0477,-12000
9,32.9045,-79.9629,-52000
10,27.8109,-97.4041,10000
11,39.1279,-75.4663,0
13,31.8125,-106.4213,0
14,35.1419,-78.9955,0
15,36.6651,-87.4792,0
16,38.7506,-104.796,0
17,44.0456,-75.7384,0
18,31.1398,-97.7657,0
19,39.0669,-96.7746,0
20,31.8928,-81.5965,0
21,31.075,-97.8255,0
22,30.3617,-89.0956,0
23,32.0107,-81.1424,0
24,48.0738,-122.7446,0
25,29.5216,-98.3946,0
35,29.5994,-97.9509,0
51,29.6972,-95.2888,0
62,29.6936,-96.5723,0
69,29.7289,-95.4604,0
80,29.7445,-95.3626,0
84,29.769000000000002,-95.3416,0
89,29.7706,-95.3655,0
99,29.7754,-95.3685,0
105,29.7756,-95.264,0
120,29.7993,-95.4498,0
124,29.8083,-95.3361,0
127,29.8141,-95.3755,0
139,29.8693,-97.9391,0
140,30.0504,-94.1445,0
141,30.0852,-90.4304,0
142,30.0948,-94.1005,0
143,30.1155,-93.821,0
144,30.1355,-94.0052,0
145,30.1666,-81.5547,0
146,30.1719,-81.5574,0
147,30.2254,-93.3074,0
148,30.2453,-93.1564,0
149,30.2465,-93.1804,0
150,30.2594,-92.0157,0
151,30.2666,-82.7542,0
152,30.3059,-89.7403,0
153,30.3059,-89.7403,0
154,30.3151,-81.7691,0
155,30.3215,-81.6813,0
156,30.4197,-91.1214,0
157,30.3485,-81.6683,0
158,30.4327,-89.0937,0
159,30.4594,-81.6494,0
160,30.4789,-90.4889,0
161,29.7806,-95.454,0
162,30.7528,-85.382,0
163,30.5171,-97.68799999999999,0
164,30.5787,-100.6476,0
165,30.6276,-88.1169,0
166,30.6892,-88.0385,0
167,30.7017,-97.652,0
168,30.7406,-88.1076,0
169,30.7533,-88.0947,0
170,30.8467,-93.289,0
171,30.8469,-93.2713,0
172,30.848000000000003,-93.289,0
173,31.0369,-104.8309,0
174,31.0465,-97.4666,0
175,31.0542,-98.1821,0
176,31.0884,-104.0569,0
177,31.0906,-97.3871,0
178,31.0567,-97.7655,0
179,31.109,-97.7475,0
180,31.1199,-97.7693,0
181,31.1375,-81.5749,0
182,31.1906,-85.4015,0
183,31.2069,-82.3369,0
184,31.2079,-82.3612,0
185,31.2121,-82.3558,0
186,31.2228,-85.3606,0
187,31.2285,-85.4321,0
188,31.2425,-85.6352,0
189,31.253,-85.3893,0
190,31.249000000000002,-85.4245,0
191,31.3071,-85.829,0
192,40.9582,-80.6431,0
193,31.3244,-92.4622,0
194,31.3834,-85.7019,0
195,31.419,-87.0061,0
196,32.7307,-117.1705,0
197,35.5417,-82.9179,0
198,31.448,-85.65799999999999,0
199,31.4501,-83.5306,0
200,31.5716,-84.1114,0
201,31.7775,-106.4424,0
202,31.7782,-81.3785,0
203,31.8175,-106.4045,0
204,31.8529,-81.5795,0
205,31.8869,-81.6306,0
206,31.96,-81.3289,0
207,31.9035,-81.5996,0
208,32.0045,-81.2832,0
209,32.055,-97.0933,0
210,32.0741,-81.2459,0
211,32.1358,-81.6226,0
212,40.5367,-89.0244,0
213,32.1811,-81.4603,0
214,32.2273,-99.7591,0
215,40.146,-88.2837,0
216,32.256,-81.7125,0
217,32.2652,-106.7316,0
218,32.2752,-90.2073,0
219,32.2762,-90.1772,0
220,32.2825,-106.881,0
221,32.2893,-90.2495,0
222,32.3077,-81.8735,0
223,32.3106,-86.3371,0
224,32.3142,-84.7994,0
225,32.3367,-83.7675,0
226,32.3442,-88.7667,0
227,32.3479,-106.7697,0
228,32.3629,-86.2136,0
229,32.367,-86.3222,0
230,32.3833,-88.6368,0
231,32.4051,-84.9241,0
232,32.4132,-90.1483,0
233,32.4189,-93.7497,0
234,32.4349,-94.8277,0
235,32.4465,-100.5045,0
236,32.4523,-99.7861,0
237,32.4534,-88.3919,0
238,32.4556,-85.0103,0
239,32.4561,-93.8444,0
240,32.4561,-93.8444,0
241,32.4595,-99.8479,0
242,32.4752,-85.0301,0
243,32.4829,-99.7695,0
244,32.4872,-85.6364,0
245,32.4882,-85.0337,0
246,32.4966,-93.7595,0
247,32.5063,-84.9499,0
248,32.5103,-93.7422,0
249,32.5349,-83.1311,0
250,32.5392,-93.6316,0
251,32.5402,-84.8716,0
252,32.5409,-93.7918,0
253,32.5449,-84.9608,0
254,32.5462,-83.7438,0
255,32.5541,-93.7814,0
256,32.5585,-83.8836,0
257,37.7673,-122.404,0
258,39.8948,-86.0541,0
259,33.3183,-80.548,0
260,32.6165,-85.4019,0
261,32.6236,-83.37,0
262,32.6277,-80.8836,0
263,32.6422,-96.8233,0
264,32.6436,-85.3527,0
265,32.6596,-83.7441,0
266,32.6618,-96.7266,0
267,32.667,-97.3206,0
268,32.6662,-97.241,0
269,32.6865,-97.4642,0
270,32.6991,-96.6276,0
271,32.7212,-97.5699,0
272,32.7241,-117.1553,0
273,32.7294,-117.1736,0
274,32.7382,-97.4813,0
275,32.7466,-97.3195,0
276,32.7549,-83.7101,0
277,32.7587,-117.2036,0
278,32.7591,-117.2036,0
279,32.7591,-117.20299999999999,0
280,32.7598,-97.2141,0
281,32.7687,-96.8053,0
282,32.7711,-96.8104,0
283,32.7717,-117.1316,0
284,32.7785,-117.1122,0
285,32.7789,-96.78200000000001,0
286,32.7901,-80.0319,0
287,32.8007,-79.9461,0
288,32.814,-79.8497,0
289,32.8192,-111.6835,0
290,32.8231,-96.6297,0
291,32.8396,-97.3127,0
292,32.8568,-83.64,0
293,37.2501,-93.2245,0
294,32.8832,-80.0198,0
295,32.885999999999996,-97.3172,0
296,32.8941,-79.9855,0
297,32.8983,-80.0206,0
298,32.9023,-79.9856,0
299,32.9025,-117.2238,0
300,32.9033,-80.0238,0
301,32.9242,-96.7639,0
302,32.9079,-96.8977,0
303,32.96,-83.8139,0
304,33.058,-84.9503,0
305,32.6487,-88.1934,0
306,33.1715,-87.525,0
307,33.2104,-97.1649,0
308,33.2102,-97.1653,0
309,33.2119,-97.1667,0
310,42.5276,-88.9751,0
311,33.3936,-86.7849,0
312,41.6185,-87.6871,0
313,33.3742,-82.0309,0
314,33.4064,-82.0266,0
315,33.4279,-112.0364,0
316,33.4423,-86.7304,0
317,33.4616,-112.1082,0
318,33.4374,-112.0378,0
319,33.4703,-94.0431,0
320,33.48,-93.9866,0
321,33.48,-93.9866,0
322,33.4806,-112.113,0
323,33.4867,-89.7645,0
324,33.4931,-82.0843,0
325,33.5186,-94.044,0
326,33.5216,-86.8265,0
327,33.5285,-86.8043,0
328,33.5404,-84.2657,0
329,33.5446,-86.64299999999999,0
330,33.5466,-117.1789,0
331,33.5477,-86.7492,0
332,33.5479,-86.7801,0
333,33.5687,-81.9216,0
334,33.4908,-81.9365,0
335,33.5736,-86.8165,0
336,33.5986,-86.6548,0
337,43.4883,-89.4932,0
338,33.6329,-84.4008,0
339,33.2603,-117.4281,0
340,33.6445,-117.7347,0
341,33.674,-84.3261,0
342,33.4275,-112.6256,0
343,33.7147,-84.2412,0
344,33.7449,-84.39,0
345,33.7645,-84.4928,0
346,33.7841,-118.0914,0
347,33.7962,-84.3934,0
348,33.8265,-118.2074,0
349,33.8569,-118.2846,0
350,33.8902,-84.4607,0
351,33.8917,-84.2592,0
352,33.8976,-98.4934,0
353,33.898,-98.4926,0
354,33.9099,-98.5023,0
355,33.9126,-118.18,0
356,33.9139,-118.1047,0
357,33.9285,-118.2806,0
358,33.9293,-81.0721,0
359,33.9299,-118.3683,0
360,33.9412,-118.0965,0
361,33.9413,-98.5207,0
362,33.3428,-87.0276,0
363,34.0163,-118.1725,0
364,34.0312,-118.4334,0
365,34.0366,-81.1106,0
366,34.0367,-81.1107,0
367,34.0381,-118.2739,0
368,34.0552,-118.214,0
369,34.0611,-118.165,0
370,34.065,-118.0,0
371,34.0674,-117.5447,0
372,34.0651,-117.8064,0
373,34.0677,-80.9221,0
374,34.0641,-117.2964,0
375,34.133,-78.0964,0
376,34.1341,-117.9572,0
377,34.1609,-118.4694,0
378,34.1915,-77.9343,0
379,34.1931,-79.8439,0
380,34.2253,-117.4097,0
381,34.2265,-78.0112,0
382,34.2295,-77.9574,0
383,34.2311,-77.9604,0
384,34.234,-77.959,0
385,34.2916,-118.46799999999999,0
386,34.3124,-78.2102,0
387,34.3166,-118.4906,0
388,34.3186,-77.8718,0
389,34.3305,-118.5061,0
390,34.3399,-78.8081,0
391,34.3998,-117.4012,0
392,34.5134,-81.8703,0
393,34.5392,-77.5034,0
394,34.5931,-79.1112,0
395,34.6278,-86.9014,0
396,34.7075,-92.271,0
397,34.7081,-92.27799999999999,0
398,34.7132,-92.2704,0
399,34.733000000000004,-92.2621,0
400,34.7358,-76.7953,0
401,34.705,-77.4799,0
402,34.7396,-77.4517,0
403,34.7447,-77.411,0
404,34.7485,-92.3914,0
405,34.7489,-82.2821,0
406,34.7552,-82.2885,0
407,34.758,-79.4818,0
408,34.7679,-82.2752,0
409,34.7739,-92.2612,0
410,34.7783,-92.2541,0
411,34.7784,-92.2611,0
412,34.7815,-92.1615,0
413,34.7898,-82.439,0
414,34.8213,-92.3397,0
415,39.2785,-80.2842,0
416,34.833,-82.2969,0
417,34.8642,-118.1716,0
418,34.8792,-89.7253,0
419,34.8861,-117.0097,0
420,39.0961,-94.5913,0
421,34.9083,-116.9683,0
422,34.6618,-92.4024,0
423,34.9177,-78.0245,0
424,34.971,-85.4441,0
425,34.9766,-104.9911,0
426,34.9768,-78.85600000000001,0
427,34.978,-82.0119,0
428,34.9924,-117.5416,0
429,34.9935,-78.1341,0
430,35.0053,-85.2086,0
431,35.0119,-117.9155,0
432,35.012,-89.6438,0
433,35.012,-89.6438,0
434,35.0185,-118.9554,0
435,35.0224,-101.9183,0
436,35.04,-85.6906,0
437,35.0427,-78.8033,0
438,35.0729,-90.02799999999999,0
439,35.0722,-90.0257,0
440,35.077,-78.9598,0
441,35.0937,-77.0398,0
442,35.0984,-118.1442,0
443,35.0802,-89.9554,0
444,35.1018,-89.8701,0
445,35.1062,-106.6292,0
446,35.1104,-80.689,0
447,35.1255,-80.9172,0
448,35.1321,-77.1515,0
449,35.1508,-90.0221,0
450,35.1513,-89.8849,0
451,35.1522,-84.9475,0
452,35.1559,-90.1519,0
453,35.1591,-113.6964,0
454,35.135999999999996,-78.9932,0
455,35.171,-90.1933,0
456,35.1716,-111.6622,0
457,35.1909,-114.06700000000001,0
458,42.6569,-105.2035,0
459,35.193000000000005,-101.8371,0
460,35.1933,-101.6939,0
461,35.2139,-80.9685,0
462,35.2561,-89.6768,0
463,35.2489,-80.9686,0
464,35.2726,-80.8467,0
465,35.3483,-80.7333,0
466,35.3526,-119.0393,0
467,35.3637,-80.8419,0
468,35.3897,-78.518,0
469,35.3917,-97.495,0
470,35.3961,-97.5743,0
471,35.4015,-97.2855,0
472,35.4273,-77.9916,0
473,35.4554,-94.3209,0
474,35.4583,-95.5438,0
475,35.4601,-97.5751,0
476,35.4623,-97.4929,0
477,35.391999999999996,-90.2734,0
478,35.4665,-97.4673,0
479,35.4832,-94.242,0
480,35.516,-78.2965,0
481,35.5206,-105.25,0
482,35.5295,-97.514,0
483,35.5303,-108.7596,0
484,35.5418,-97.4587,0
485,35.5545,-82.6116,0
486,41.2529,-81.5861,0
487,35.6002,-97.4292,0
488,35.602,-119.211,0
489,35.6163,-119.65299999999999,0
490,35.6366,-78.5661,0
491,35.6425,-120.685,0
492,35.6566,-80.461,0
493,35.7343,-78.0115,0
494,35.7549,-78.5991,0
495,35.7664,-78.7357,0
496,35.782,-78.5734,0
497,35.8097,-80.861,0
498,35.8217,-86.8385,0
499,35.8702,-84.2525,0
500,35.8727,-78.8308,0
501,35.8843,-86.4763,0
502,35.9287,-79.9248,0
503,35.9563,-83.97200000000001,0
504,35.968,-83.9298,0
505,36.0002,-83.9583,0
506,36.0027,-79.8274,0
507,36.0057,-79.8504,0
508,36.0135,-83.8592,0
509,36.0213,-87.2651,0
510,36.0335,-115.0141,0
511,36.0595,-79.686,0
512,36.0606,-79.1333,0
513,36.0638,-115.1806,0
514,36.065,-80.1869,0
515,36.0657,-79.9193,0
516,36.0672,-83.3882,0
517,36.116,-86.7732,0
518,36.1267,-86.7283,0
519,36.1406,-86.73200000000001,0
520,36.1483,-86.77799999999999,0
521,36.1539,-86.7582,0
522,36.1573,-86.8231,0
523,36.1718,-86.7996,0
524,36.1743,-115.1547,0
525,36.1836,-86.3521,0
526,36.1947,-86.7755,0
527,36.2203,-86.7741,0
528,36.7026,-77.5494,0
529,36.7026,-87.4549,0
530,36.7133,-78.1132,0
531,36.7528,-76.5196,0
532,36.7632,-76.2681,0
533,36.766999999999996,-76.6034,0
534,36.7858,-76.4164,0
535,36.7911,-76.3935,0
536,42.9622,-87.9364,0
537,36.8347,-76.2881,0
538,36.8444,-76.1966,0
539,36.8448,-76.2676,0
540,36.8522,-76.3248,0
541,36.8671,-76.4326,0
542,36.8736,-89.5332,0
543,36.8748,-76.1975,0
544,36.9181,-76.2692,0
545,36.948,-80.9207,0
546,36.9606,-81.0646,0
547,37.0317,-76.3764,0
548,37.0613,-94.4271,0
549,37.0817,-94.3125,0
550,37.1078,-92.0839,0
551,37.1637,-77.3498,0
552,37.1863,-77.4908,0
553,37.1928,-77.3282,0
554,37.2132,-77.3768,0
555,37.2191,-77.39,0
556,37.3397,-121.8519,0
557,37.3173,-121.9403,0
558,37.3406,-79.9977,0
559,37.3642,-121.9018,0
560,37.521,-77.2711,0
561,37.5487,-77.4329,0
562,37.5839,-77.4699,0
563,37.5866,-77.4743,0
564,37.588,-77.4699,0
565,37.597,-121.3401,0
566,37.6017,-97.3228,0
567,37.6097,-88.9946,0
568,37.6272,-122.4306,0
569,37.635999999999996,-122.4036,0
570,37.6555,-77.6055,0
571,37.6574,-77.4504,0
572,37.6908,-122.0877,0
573,37.69,-122.1368,0
574,37.7011,-121.9226,0
575,37.6767,-97.194,0
576,37.7301,-81.1959,0
577,37.7352,-122.4066,0
578,37.7427,-121.5615,0
579,34.0339,-118.22,0
580,37.7663,-121.3326,0
581,37.7969,-79.3938,0
582,37.8233,-92.1436,0
583,37.803000000000004,-122.2906,0
584,37.8276,-122.2913,0
585,37.8277,-122.2916,0
586,37.8276,-122.2914,0
587,37.830999999999996,-122.2933,0
588,37.8896,-122.3083,0
589,37.9362,-77.4704,0
590,37.9482,-121.3004,0
591,37.9622,-122.51,0
592,37.9945,-122.0698,0
593,38.0507,-122.1307,0
594,38.0554,-84.4301,0
595,38.0914,-122.2304,0
596,38.1147,-85.7014,0
597,38.1212,-79.0474,0
598,38.1149,-84.5209,0
599,38.1696,-87.4697,0
600,38.1902,-85.7291,0
601,38.2199,-122.133,0
602,38.2226,-85.5055,0
603,38.2377,-85.6232,0
604,38.2578,-85.7415,0
605,38.260999999999996,-85.7278,0
606,38.2709,-88.932,0
607,38.2741,-122.0489,0
608,38.2751,-85.8126,0
609,38.2887,-85.6461,0
610,38.3026,-85.8505,0
611,38.3149,-85.5816,0
612,38.3289,-88.9554,0
613,38.3456,-85.75399999999999,0
614,38.3587,-81.6321,0
615,38.3732,-121.9531,0
616,38.3734,-81.6064,0
617,38.4149,-96.2376,0
618,38.5034,-90.3387,0
619,38.5485,-90.4268,0
620,38.5683,-121.5108,0
621,38.5755,-121.5646,0
622,38.5773,-112.6032,0
623,38.6102,-90.2104,0
624,38.6187,-90.0684,0
625,38.6194,-90.1877,0
626,38.6202,-90.1891,0
627,38.6203,-90.1904,0
628,38.6249,-121.51700000000001,0
629,38.6297,-90.3438,0
630,38.6328,-90.146,0
631,38.633,-90.145,0
632,38.639,-90.4495,0
633,38.6435,-90.1892,0
634,38.6728,-90.0295,0
635,38.7289,-90.3325,0
636,38.7484,-90.4395,0
637,38.751999999999995,-89.9071,0
638,38.757,-90.0435,0
639,38.765,-104.7758,0
640,38.7764,-90.3445,0
641,38.7917,-77.1741,0
642,38.8063,-90.8392,0
643,38.8245,-104.7248,0
644,38.8466,-121.9383,0
645,38.8745,-97.6454,0
646,38.8764,-84.6249,0
647,38.8823,-77.018,0
648,38.8858,-77.2201,0
649,38.9332,-94.5295,0
650,38.939,-94.5429,0
651,38.9392,-94.7476,0
652,38.9392,-94.7476,0
653,38.9422,-109.8165,0
654,38.9454,-76.8582,0
655,38.955,-76.7172,0
656,38.9618,-93.2074,0
657,38.9814,-110.2326,0
658,38.9842,-76.571,0
659,38.9915,-95.6924,0
660,39.0096,-77.1513,0
661,39.0099,-78.2977,0
662,39.0175,-77.1028,0
663,39.0205,-76.9502,0
664,39.0224,-76.9397,0
665,39.0296,-76.9477,0
666,39.0348,-84.5992,0
667,39.035,-95.6068,0
668,39.0367,-77.1447,0
669,39.0403,-94.6729,0
670,39.0417,-94.3623,0
671,39.048,-84.459,0
672,39.0535,-95.7788,0
673,39.0592,-94.4905,0
674,39.0476,-96.7586,0
675,39.0672,-76.6402,0
676,39.0958,-84.5221,0
677,39.0962,-94.5915,0
678,39.0962,-94.5729,0
679,39.0967,-94.8817,0
680,39.0995,-94.6225,0
681,39.1006,-88.5748,0
682,39.1016,-84.28399999999999,0
683,39.1049,-94.679,0
684,39.1061,-94.5709,0
685,39.1066,-94.8113,0
686,39.1068,-94.5913,0
687,39.109,-84.5021,0
688,39.1462,-75.5005,0
689,39.1483,-88.5124,0
690,39.149,-84.5399,0
691,39.1668,-94.559,0
692,39.1926,-94.6171,0
693,39.2064,-94.4917,0
694,39.2143,-84.682,0
695,39.2202,-84.7388,0
696,39.2331,-76.667,0
697,39.2356,-76.7096,0
698,39.2502,-76.6791,0
699,39.2675,-81.4993,0
700,39.271,-84.3511,0
701,39.2727,-76.5542,0
702,39.2733,-103.7072,0
703,39.9311,-86.339,0
704,39.2903,-84.4416,0
705,39.3058,-76.7438,0
706,39.3189,-94.6947,0
707,39.3422,-94.7417,0
708,39.3506,-76.4953,0
709,39.3979,-77.4241,0
710,39.4198,-76.6402,0
711,39.5005,-75.6455,0
712,39.5327,-86.8027,0
713,39.5785,-79.976,0
714,39.6141,-84.2327,0
715,39.6168,-77.7857,0
716,39.6342,-104.90700000000001,0
717,39.6839,-75.6563,0
718,39.6963,-75.6164,0
719,39.7039,-86.1082,0
720,39.7055,-75.5878,0
721,39.7088,-94.7885,0
722,39.7091,-78.1859,0
723,39.7128,-86.2643,0
724,39.7143,-75.5842,0
725,39.732,-86.0445,0
726,39.7531,-86.1453,0
727,39.766,-104.8276,0
728,39.7718,-104.8203,0
729,39.7726,-104.8299,0
730,39.7783,-104.8967,0
731,39.7801,-104.9894,0
732,39.7865,-105.0785,0
733,39.7989,-86.035,0
734,39.8018,-89.595,0
735,39.8051,-86.2752,0
736,39.775,-86.1421,0
737,39.7361,-94.8505,0
738,39.8177,-104.9828,0
739,39.8237,-104.9641,0
740,39.8281,-104.98299999999999,0
741,39.8637,-86.2742,0
742,39.8654,-84.1888,0
743,39.8676,-75.3431,0
744,39.8678,-83.9866,0
745,39.8745,-75.1021,0
746,39.8862,-94.8584,0
747,39.8922,-83.0389,0
748,39.9017,-75.111,0
749,39.9086,-75.1492,0
750,39.9289,-86.2644,0
751,39.934,-82.8522,0
752,39.9422,-118.7487,0
753,39.9481,-75.1418,0
754,39.9513,-83.0139,0
755,39.9541,-75.1409,0
756,39.9541,-75.141,0
757,39.9545,-82.9857,0
758,39.9573,-75.1458,0
759,39.9609,-75.1822,0
760,39.9647,-75.1375,0
761,39.9683,-83.0649,0
762,39.9718,-82.9836,0
763,39.9765,-83.1189,0
764,39.9853,-78.2437,0
765,39.9983,-81.556,0
766,40.0103,-82.8997,0
767,40.05,-78.5178,0
768,39.9878,-75.0892,0
769,40.0645,-75.3213,0
770,40.0917,-75.4091,0
771,40.095,-74.7511,0
772,40.1104,-82.9777,0
773,40.1127,-75.2783,0
774,40.1191,-74.7065,0
775,40.1199,-88.3049,0
776,40.128,-111.6493,0
777,40.1288,-74.8895,0
778,40.1353,-74.7155,0
779,40.1623,-80.1935,0
780,40.1784,-89.416,0
781,40.1836,-74.722,0
782,40.1885,-80.2465,0
783,40.1936,-74.6007,0
784,40.2069,-76.8754,0
785,40.2107,-76.8688,0
786,40.2117,-76.8791,0
787,40.2194,-79.6022,0
788,40.2282,-77.1344,0
789,40.2904,-74.7845,0
790,40.3087,-76.8342,0
791,40.3167,-76.9205,0
792,40.4233,-80.1059,0
793,40.4243,-76.5262,0
794,40.4341,-79.9957,0
795,40.4388,-79.7508,0
796,40.4394,-80.0102,0
797,40.4437,-89.0213,0
798,40.4584,-79.9986,0
799,40.5282,-74.3367,0
800,40.5389,-89.0031,0
801,40.5786,-75.5582,0
802,40.5853,-122.3603,0
803,40.5891,-80.0983,0
804,40.5948,-74.6229,0
805,40.6207,-89.4841,0
806,40.6362,-111.9046,0
807,40.6364,-89.5249,0
808,40.6411,-74.2058,0
809,40.6425,-74.645,0
810,40.6608,-80.0906,0
811,40.8973,-124.0832,0
812,40.6793,-74.0034,0
813,40.6892,-95.78299999999999,0
814,40.7072,-111.79700000000001,0
815,40.711999999999996,-111.7899,0
816,40.7124,-111.8193,0
817,40.7185,-111.9043,0
818,40.6755,-89.67299999999999,0
819,40.6579,-89.645,0
820,40.7416,-89.66799999999999,0
821,40.7064,-74.1513,0
822,40.7644,-111.9135,0
823,40.7654,-111.9504,0
824,40.8016,-73.9169,0
825,40.8043,-73.9182,0
826,40.805,-73.9111,0
827,40.8175,-96.7563,0
828,40.8194,-73.8104,0
829,40.8288,-73.8369,0
830,40.8291,-73.837,0
831,40.8288,-73.8453,0
832,40.83,-73.8373,0
833,40.8342,-80.3699,0
834,40.8355,-111.9154,0
835,40.8361,-73.8245,0
836,40.845,-73.9267,0
837,40.8641,-74.4168,0
838,40.9445,-77.7205,0
839,40.9705,-111.4385,0
840,40.9749,-117.7387,0
841,40.9873,-73.6701,0
842,41.0254,-81.5013,0
843,41.0255,-73.7316,0
844,41.0265,-102.1553,0
845,41.0306,-81.8904,0
846,41.0355,-81.5655,0
847,41.0452,-76.0138,0
848,41.0496,-76.8402,0
849,41.0522,-76.8716,0
850,41.0565,-73.8352,0
851,41.0599,-81.5656,0
852,41.0614,-81.5045,0
853,41.067,-75.3871,0
854,41.0683,-75.694,0
855,41.0683,-75.6941,0
856,41.1099,-80.8378,0
857,41.1137,-104.8509,0
858,41.1236,-74.1646,0
859,41.1246,-80.7499,0
860,41.1252,-80.7481,0
861,41.1275,-80.7464,0
862,41.1595,-81.7858,0
863,41.1846,-80.4434,0
864,41.185,-112.0111,0
865,41.198,-80.1598,0
866,41.2237,-96.0877,0
867,41.2263,-95.9529,0
868,41.2282,-95.8396,0
869,41.2289,-81.6274,0
870,41.2332,-95.8976,0
871,41.2388,-76.999,0
872,41.2559,-81.3714,0
873,41.2619,-95.9081,0
874,41.2757,-81.6364,0
875,41.3007,-72.9144,0
876,41.3329,-81.8168,0
877,41.3522,-81.512,0
878,41.3544,-95.9004,0
879,41.3557,-75.715,0
880,41.3678,-89.0591,0
881,41.3728,-75.574,0
882,41.3745,-72.1948,0
883,41.3792,-81.9949,0
884,41.3894,-82.1614,0
885,41.3904,-73.598,0
886,41.4006,-81.508,0
887,41.4072,-81.6468,0
888,41.4206,-81.8189,0
889,41.422,-75.6089,0
890,41.4245,-81.5326,0
891,41.428999999999995,-81.5063,0
892,41.4402,-90.3299,0
893,41.4579,-90.4953,0
894,41.4742,-81.6931,0
895,41.4823,-75.6798,0
896,41.4862,-88.1973,0
897,41.3862,-88.1926,0
898,41.494,-95.9012,0
899,41.4988,-95.585,0
900,41.5147,-74.0735,0
901,41.5256,-83.6214,0
902,41.5257,-83.463,0
903,41.5359,-90.3418,0
904,41.5374,-72.7621,0
905,41.5384,-87.9598,0
906,41.5609,-72.9166,0
907,41.5654,-87.7421,0
908,41.568999999999996,-83.5812,0
909,41.568999999999996,-87.3005,0
910,41.5777,-87.5816,0
911,41.578,-87.6681,0
912,41.59,-87.2239,0
913,41.5907,-81.44800000000001,0
914,41.5919,-83.6914,0
915,41.5922,-93.7773,0
916,41.5962,-90.5253,0
917,41.5984,-87.3066,0
918,41.6035,-90.6761,0
919,41.6521,-93.5756,0
920,41.6783,-83.5724,0
921,41.6838,-83.6947,0
922,41.6907,-83.5131,0
923,41.7042,-112.1923,0
924,41.7042,-88.0309,0
925,41.7052,-71.4728,0
926,41.7206,-87.6241,0
927,41.7355,-85.0002,0
928,41.7608,-87.8921,0
929,41.7696,-72.668,0
930,41.7775,-87.6296,0
931,41.7887,-72.5639,0
932,41.8099,-88.0498,0
933,41.8099,-88.0496,0
934,41.8126,-71.4067,0
935,41.8184,-72.6642,0
936,41.8471,-87.6415,0
937,41.8694,-87.9169,0
938,41.8739,-87.9043,0
939,41.8757,-87.6453,0
940,41.8778,-87.9188,0
941,41.905,-89.0208,0
942,41.9552,-71.304,0
943,41.9616,-87.7435,0
944,41.9659,-88.0256,0
945,41.9832,-87.8698,0
946,41.9838,-87.8468,0
947,41.9902,-87.8675,0
948,41.9922,-83.3269,0
949,42.0266,-71.2565,0
950,42.0318,-80.1222,0
951,42.0574,-88.0281,0
952,42.1045,-72.5989,0
953,42.1302,-72.0574,0
954,42.132,-72.6085,0
955,42.1345,-86.368,0
956,42.1391,-75.902,0
957,42.1497,-87.875,0
958,42.1531,-72.6478,0
959,42.1535,-79.8922,0
960,42.1579,-72.6102,0
961,42.162,-72.5472,0
962,42.1955,-71.8454,0
963,42.1955,-71.8454,0
964,42.2074,-71.1401,0
965,42.222,-83.4123,0
966,42.2253,-83.6853,0
967,42.2491,-88.9616,0
968,42.2668,-71.564,0
969,42.2972,-84.9965,0
970,42.3201,-83.08200000000001,0
971,42.3404,-71.2619,0
972,42.3463,-71.0608,0
973,42.35,-83.0992,0
974,42.3628,-71.5898,0
975,42.3685,-83.0579,0
976,42.3835,-77.3728,0
977,42.3832,-83.4264,0
978,42.3862,-83.4364,0
979,42.3912,-83.434,0
980,42.4765,-83.1116,0
981,42.4838,-83.4451,0
982,42.4952,-82.9169,0
983,42.5021,-71.1186,0
984,42.5225,-83.7533,0
985,42.5703,-113.5173,0
986,42.6332,-73.7816,0
987,42.663999999999994,-71.1941,0
988,42.6672,-73.7331,0
989,42.6749,-84.4951,0
990,42.6895,-84.6676,0
991,42.7004,-73.845,0
992,42.711999999999996,-84.6694,0
993,42.7539,-73.9336,0
994,42.7742,-84.6697,0
995,42.7904,-74.0161,0
996,42.8429,-74.0173,0
997,42.8566,-70.8964,0
998,42.9124,-112.4461,0
999,42.9194,-83.678,0
1000,42.9545,-83.7238,0
1001,42.9552,-71.4039,0
1002,42.9616,-71.418,0
1003,42.9623,-88.0364,0
1004,42.9742,-71.4135,0
1005,42.9847,-83.7331,0
1006,43.0071,-76.1339,0
1007,43.0088,-77.4394,0
1008,43.0102,-83.6793,0
1009,43.0248,-88.036,0
1010,43.0265,-88.0365,0
1011,43.0272,-88.0339,0
1012,43.0288,-77.9646,0
1013,43.0353,-87.9238,0
1014,43.0478,-77.648,0
1015,43.0512,-76.145,0
1016,43.0565,-71.4711,0
1017,43.0631,-76.0519,0
1018,43.0929,-76.1638,0
1019,43.0944,-76.0535,0
1020,43.104,-89.2823,0
1021,43.1102,-77.5999,0
1022,43.1114,-76.2646,0
1023,43.1416,-76.1123,0
1024,43.144,-77.5513,0
1025,43.1529,-123.3649,0
1026,43.1564,-77.6789,0
1027,43.292,-124.2194,0
1028,43.481,-89.4921,0
1029,43.4867,-96.7948,0
1030,43.4903,-89.4943,0
1031,43.4921,-89.4874,0
1032,43.6066,-96.6906,0
1033,43.6126,-96.7701,0
1034,43.6236,-70.3529,0
1035,43.6837,-93.3209,0
1036,43.9711,-116.914,0
1037,43.9832,-90.4405,0
1038,44.0191,-90.4976,0
1039,44.0277,-89.5222,0
1040,44.0452,-75.9144,0
1041,44.0519,-75.8266,0
1042,44.1004,-103.1512,0
1043,26.1824,-97.7147,0
1044,26.1866,-97.7302,0
1045,44.3716,-106.689,0
1046,26.1954,-97.7198,0
1047,44.7367,-93.2832,0
1048,44.8619,-93.2984,0
1049,44.8629,-93.1452,0
1050,26.2254,-97.7211,0
1051,44.9485,-92.9591,0
1052,44.9499,-93.1016,0
1053,44.953,-93.095,0
1054,44.9655,-93.2678,0
1055,44.9708,-93.4604,0
1056,44.975,-93.2876,0
1057,45.0352,-93.084,0
1058,45.0368,-93.068,0
1059,45.0671,-93.1858,0
1060,45.0694,-93.2858,0
1061,45.0905,-93.4417,0
1062,45.3685,-122.7584,0
1063,45.5036,-122.6746,0
1064,45.5252,-122.6655,0
1065,45.5327,-122.5648,0
1066,45.5473,-122.5538,0
1067,45.5488,-122.6788,0
1068,45.5497,-122.5618,0
1069,45.7243,-122.6546,0
1070,45.7952,-119.3937,0
1071,45.8246,-108.3986,0
1072,46.0085,-112.6321,0
1073,46.1068,-122.87899999999999,0
1074,27.5832,-82.5144,0
1075,46.8473,-96.8407,0
1076,46.9703,-120.5107,0
1077,47.0214,-122.906,-20000
1078,47.1038,-122.5891,0
1079,47.1568,-122.4875,0
1080,47.2304,-122.4606,0
1081,47.2411,-122.3857,0
1082,27.7582,-99.4386,0
1083,46.1894,-123.8489,0
1084,27.8651,-97.6226,0
1085,27.9002,-97.6307,0
1086,27.9644,-82.4525,0
1087,28.002,-82.3268,0
1088,28.1129,-97.8179,0
1089,28.1665,-82.3948,0
1090,28.4117,-80.8202,0
1091,39.0528,-96.7644,0
1092,28.4788,-81.4492,0
1093,33.3014,-117.3553,0
1094,31.2916,-85.709,0
1095,31.3049,-85.7369,0
1096,36.666,-87.48200000000001,0
1097,28.8611,-82.0902,0
1099,44.0561,-75.7194,0
1100,29.1553,-81.0755,0
1103,29.3168,-98.6084,0
1104,29.3294,-98.4159,0
1110,29.369,-100.8875,0
1115,29.3951,-98.4782,0
1122,29.3961,-98.5112,0
1125,29.3973,-98.6495,0
1140,29.4288,-98.5008,0
1148,29.4358,-98.39,0
1151,29.4389,-98.4783,0
1154,29.4731,-98.4053,0
1169,29.5014,-98.54899999999999,0
1177,29.5205,-98.4992,0
1180,30.3536,-81.6237,0
1181,47.0675,-122.5694,0
1182,32.5972,-88.1845,0
1183,33.7585,-118.2384,0
1184,39.0569,-96.7658,0
1185,34.7096,-77.4423,0
1186,33.2989,-117.3499,0
1187,47.1477,-122.4843,0
1188,40.0264,-74.5844,0
1189,34.7173,-76.6999,0
1190,38.0536,-122.0308,0
1191,34.0067,-77.9544,0
1192,36.9313,-76.2872,0
1193,36.8555,-76.3256,0
1194,37.7982,-122.2908,0
1196,38.7779,-104.6934,0
1197,35.1703,-79.003,0
1198,32.7296,-117.1738,0
1199,32.1228,-81.137,0
1203,47.2599,-122.40299999999999,0
1204,39.9798,-75.0895,0
1205,38.2655,-121.9325,0
1206,44.0569,-75.7074,0
1207,34.1933,-77.9522,0
1208,39.0383,-84.7162,0
1209,39.0547,-84.6633,0
1210,35.247,-116.6728,0
1211,35.2702,-116.6341,0
1212,37.9159,-85.9569,0
1213,37.9049,-85.9664,0
1214,31.0346,-93.2043,0
1216,34.6594,-98.4207,0
1217,41.1325,-112.0001,0
1218,34.573,-98.4145,0
1219,41.1939,-112.0107,0
1220,34.7478,-77.4505,0
1221,42.5154,-88.9875,0
1222,42.202,-89.0955,0
1223,37.1563,-76.5929,0
1224,32.9178,-80.066,0
1225,36.9438,-76.3192,0
1226,34.2335,-116.0564,0
1227,34.135999999999996,-115.9444,0
1228,36.0693,-80.26899999999999,0
1229,36.105,-79.936,0
