model_type,epoch,train_loss,val_loss,accuracy,precision,recall,f1,hamming,exact_match,average_gradient_norm,maximum_gradient_norm,best_epoch_so_far,epoch_time_seconds
tropical,1,0.7988535788903042,0.6018874557231789,0.9831283582089553,0.42962962962962964,0.4742436631234669,0.45083560046638166,3.14,0.10444444444444445,3.7147585807527816,31.446321487426758,True,10.209692859090865
tropical,2,0.5483245602966076,0.5757381871227009,0.9831522388059701,0.43037037037037035,0.47506132461161077,0.4516129032258064,3.1355555555555554,0.11555555555555555,5.96328133162998,56.83898162841797,True,9.7529121581465
tropical,3,0.5377561374290913,0.5713052372327492,0.9829850746268657,0.42518518518518517,0.4693376941946034,0.44617178390983286,3.1666666666666665,0.10444444444444445,6.68033883753277,37.30976104736328,True,9.714696866460145
tropical,4,0.5325303681834209,0.5689637658186812,0.9832238805970149,0.4325925925925926,0.47751430907604253,0.45394481150408084,3.1222222222222222,0.12,6.415890712738037,33.29994583129883,True,9.702020730823278
tropical,5,0.5216993170540463,0.5547859138801916,0.9831522388059701,0.43037037037037035,0.47506132461161077,0.4516129032258064,3.1355555555555554,0.11555555555555555,6.607327918779283,36.133705139160156,True,9.708832806907594
tropical,6,0.5146487967274839,0.55562418900319,0.9833910447761194,0.43777777777777777,0.4832379394930499,0.4593859308200544,3.091111111111111,0.10888888888888888,6.845014093716939,42.228492736816406,False,9.723774553276598
tropical,7,0.5007222910074022,0.5602478024763847,0.9834149253731344,0.43851851851851853,0.48405560098119377,0.4601632335794792,3.0866666666666664,0.1111111111111111,6.322902438527062,30.272483825683594,False,9.805701550096273
tropical,8,0.4955848623195709,0.5715375629503335,0.9836298507462686,0.4451851851851852,0.49141455437448894,0.4671589584143024,3.046666666666667,0.10666666666666667,7.102557853971208,38.5211181640625,False,9.862815953791142
tropical,9,0.49367907516015236,0.5717687746811269,0.983820895522388,0.45111111111111113,0.49795584627964024,0.47337738048970074,3.011111111111111,0.11555555555555555,7.002270129748753,47.1467399597168,False,9.852426871657372
tropical,10,0.48795105510593645,0.5736137435071504,0.9836537313432836,0.44592592592592595,0.4922322158626329,0.46793626117372716,3.042222222222222,0.11777777777777777,6.90359348592304,40.52632141113281,False,9.790910732932389
tropical,11,0.47847156147528025,0.569452270295193,0.9837731343283582,0.44962962962962966,0.4963205233033524,0.4718227749708511,3.02,0.12,6.22348459311894,44.11961364746094,False,9.76329214219004
tropical,12,0.4762863308952241,0.5717097855966483,0.9839641791044776,0.45555555555555555,0.5028618152085037,0.4780411970462495,2.9844444444444442,0.12666666666666668,6.6621166626612345,29.319881439208984,False,9.911453239619732
tropical,13,0.47510384922292714,0.5801998515849682,0.9838925373134328,0.4533333333333333,0.5004088307440719,0.4757092887679751,2.997777777777778,0.12444444444444444,6.929774617240542,46.94866180419922,False,9.697535336948931
tropical,14,0.47100413911384564,0.5846712060294934,0.9839164179104478,0.4540740740740741,0.5012264922322158,0.4764865915273999,2.993333333333333,0.12666666666666668,6.876194336641403,41.01403045654297,False,9.92013742774725
tropical,15,0.46483916300588723,0.5791785973203716,0.9840597014925373,0.4585185185185185,0.5061324611610794,0.48115040808394866,2.966666666666667,0.14,6.417737007822309,35.055328369140625,False,9.78369596786797
tropical,16,0.46475668681209636,0.5772256081469024,0.9841552238805971,0.4614814814814815,0.509403107113655,0.4842596191216479,2.948888888888889,0.14,6.966857110659282,49.37666702270508,False,9.685632369481027
tropical,17,0.4592148261853475,0.5804839294948685,0.9841552238805971,0.4614814814814815,0.509403107113655,0.4842596191216479,2.948888888888889,0.13555555555555557,6.802935280913398,43.84254837036133,False,9.76343546435237
tropical,18,0.451883530661907,0.58021746768302,0.9842029850746269,0.46296296296296297,0.5110384300899428,0.4858142246404975,2.94,0.13777777777777778,6.679233721324375,48.09670639038086,False,9.681169100105762
tropical,19,0.4522368025931912,0.5760231749028413,0.9842029850746269,0.46296296296296297,0.5110384300899428,0.4858142246404975,2.94,0.14222222222222222,6.546315419446854,42.75737380981445,False,9.776717532426119
tropical,20,0.4457696058741269,0.5738342444478576,0.9842507462686567,0.46444444444444444,0.5126737530662305,0.48736883015934707,2.931111111111111,0.14444444444444443,6.771790344147455,40.156002044677734,False,9.788350847549736
tropical,21,0.4399900714261466,0.5799161302175985,0.9842985074626865,0.4659259259259259,0.5143090760425184,0.4889234356781967,2.922222222222222,0.14888888888888888,6.887213837305705,51.15754318237305,False,9.817216239869595
tropical,22,0.4401919176884755,0.5792722519209136,0.9842746268656717,0.4651851851851852,0.5134914145543745,0.4881461329187719,2.9266666666666667,0.14444444444444443,6.70694429738181,31.184743881225586,False,9.794862969778478
tropical,23,0.4309457681543825,0.578993340996664,0.9843701492537313,0.46814814814814815,0.5167620605069502,0.4912553439564711,2.908888888888889,0.14444444444444443,6.5774235425676615,69.08049774169922,False,9.740024507045746
tropical,24,0.42651435684609096,0.5785233171906934,0.9842746268656717,0.4651851851851852,0.5134914145543745,0.4881461329187719,2.9266666666666667,0.14444444444444443,6.921999096075694,64.38137817382812,False,9.750185838900506
tropical,25,0.4212973455463323,0.5814722829123041,0.9842746268656717,0.4651851851851852,0.5134914145543745,0.4881461329187719,2.9266666666666667,0.14666666666666667,6.720775111062186,38.2245979309082,False,9.734011934138834
tropical,26,0.42021809729043363,0.5896360529074028,0.9843223880597015,0.4666666666666667,0.5151267375306623,0.4897007384376214,2.917777777777778,0.14444444444444443,7.221566720462981,53.21723556518555,False,9.747160587459803
tropical,27,0.4127965551553959,0.5973105911165476,0.9843940298507463,0.4688888888888889,0.517579721995094,0.49203264671589586,2.9044444444444446,0.14222222222222222,7.211326671100798,67.51016998291016,False,9.77963241096586
tropical,28,0.4086761338084119,0.6074353290327005,0.9844417910447761,0.4703703703703704,0.5192150449713818,0.4935872522347454,2.8955555555555557,0.14222222222222222,7.30424996693929,50.55024719238281,False,9.726195654831827
tropical,29,0.40364707384712933,0.6174866174728568,0.9844179104477612,0.4696296296296296,0.5183973834832379,0.4928099494753206,2.9,0.14,7.5762259465172175,121.751220703125,False,9.752692133188248
tropical,30,0.4040983537194834,0.6249977479259025,0.9845134328358209,0.4725925925925926,0.5216680294358136,0.4959191605130198,2.882222222222222,0.14,7.825171638443356,129.66268920898438,False,9.759874212555587
tropical,31,0.39739480231037594,0.6328967406587369,0.9846089552238806,0.47555555555555556,0.5249386753883892,0.499028371550719,2.8644444444444446,0.14666666666666667,7.92112143153236,67.90018463134766,False,9.747409529052675
tropical,32,0.3953623870039174,0.6412541530701652,0.9847044776119402,0.4785185185185185,0.5282093213409649,0.5021375825884181,2.8466666666666667,0.14888888888888888,8.59172277813866,52.05172348022461,False,9.752321130596101
tropical,33,0.38792623146202443,0.6493244009142491,0.9847283582089552,0.4792592592592593,0.5290269828291088,0.502914885347843,2.8422222222222224,0.15555555555555556,8.561428354183834,91.41625213623047,False,9.755118208937347
tropical,34,0.37876363011613734,0.6623027441841898,0.9847522388059702,0.48,0.5298446443172526,0.5036921881072677,2.8377777777777777,0.15777777777777777,8.76086598430361,170.26229858398438,False,9.72882380709052
tropical,35,0.3855594580785413,0.6763396177248501,0.984776119402985,0.48074074074074075,0.5306623058053965,0.5044694908666927,2.8333333333333335,0.15555555555555556,9.664865592434293,128.77761840820312,False,9.69836182333529
tropical,36,0.3764273633437576,0.6862166391700062,0.9846805970149254,0.4777777777777778,0.5273916598528209,0.5013602798289934,2.851111111111111,0.15555555555555556,8.9614321238654,64.38182830810547,False,9.826230727136135
tropical,37,0.3758406090838151,0.6916453769436635,0.9847522388059702,0.48,0.5298446443172526,0.5036921881072677,2.8377777777777777,0.15333333333333332,8.803784416630155,70.14109802246094,False,9.877441545948386
tropical,38,0.371168014076112,0.7011696721208074,0.9847044776119402,0.4785185185185185,0.5282093213409649,0.5021375825884181,2.8466666666666667,0.1511111111111111,9.359011144070399,136.94764709472656,False,9.871082110330462
tropical,39,0.3640176331457705,0.7119306130450386,0.9846805970149254,0.4777777777777778,0.5273916598528209,0.5013602798289934,2.851111111111111,0.14888888888888888,9.734845898151399,170.75802612304688,False,9.737337891943753
tropical,40,0.3581926849853719,0.7236660200236782,0.9848,0.48148148148148145,0.5314799672935405,0.5052467936261174,2.828888888888889,0.15333333333333332,9.435314446176802,53.93463134765625,False,9.619334635324776
tropical,41,0.35918124396806567,0.7348451379763602,0.9847044776119402,0.4785185185185185,0.5282093213409649,0.5021375825884181,2.8466666666666667,0.1511111111111111,9.566012214251927,84.2435073852539,False,9.770360675640404
tropical,42,0.34984308868750386,0.7437237993635015,0.9847283582089552,0.4792592592592593,0.5290269828291088,0.502914885347843,2.8422222222222224,0.14888888888888888,9.987727474712191,136.04022216796875,False,9.863461272791028
tropical,43,0.34998984673615086,0.7539000829551369,0.9846328358208956,0.4762962962962963,0.5257563368765331,0.4998056743101438,2.86,0.14666666666666667,10.083874682812464,94.03157043457031,False,9.766533832065761
tropical,44,0.3425385405441992,0.7686181908076379,0.9846805970149254,0.4777777777777778,0.5273916598528209,0.5013602798289934,2.851111111111111,0.1511111111111111,10.028038305328005,83.87801361083984,False,9.63767246156931
tropical,45,0.3400068968112129,0.7768889450130623,0.9845611940298508,0.4740740740740741,0.5233033524121014,0.4974737660318694,2.8733333333333335,0.14888888888888888,10.195420586268106,96.88127136230469,False,9.703290567733347
tropical,46,0.3323308401897474,0.7989981580135037,0.9845611940298508,0.4740740740740741,0.5233033524121014,0.4974737660318694,2.8733333333333335,0.14888888888888888,10.591228696959359,109.30156707763672,False,9.738515625707805
tropical,47,0.33225805596423735,0.8190925150083851,0.9846089552238806,0.47555555555555556,0.5249386753883892,0.499028371550719,2.8644444444444446,0.14444444444444443,11.01345754657473,95.54771423339844,False,9.733910287730396
tropical,48,0.3305350284535347,0.8400632251695133,0.9845373134328358,0.47333333333333333,0.5224856909239575,0.49669646327244454,2.8777777777777778,0.14444444444444443,10.943619337763105,153.9530487060547,False,9.744298538193107
tropical,49,0.3277664210999371,0.8543588890910927,0.984465671641791,0.4711111111111111,0.5200327064595257,0.49436455499417015,2.891111111111111,0.14222222222222222,11.37446252805846,78.1639404296875,False,9.672428148798645
tropical,50,0.3236130172008229,0.8727593506650805,0.9845611940298508,0.4740740740740741,0.5233033524121014,0.4974737660318694,2.8733333333333335,0.14222222222222222,10.855439105317705,131.09567260742188,False,9.831327086314559
